Class Name,Shallow Heap,Retained Heap,
java.lang.String @ 0x780000000  Medium: Depends on number of class loaders and classes loaded.,24,104,
java.lang.String @ 0x780000068  java.lang.management.ManagementPermission,24,88,
java.lang.String @ 0x7800000c0  monitor,24,48,
java.lang.String @ 0x780000150  fold,24,48,
java.lang.String @ 0x780000180  Show loaders of the same name and class as one.,24,88,
java.lang.String @ 0x7800001d8  BOOLEAN,24,48,
java.lang.String @ 0x780000208  true,24,48,
java.lang.String @ 0x780000260  verbose,24,48,
java.lang.String @ 0x780000290  Print detailed information.,24,72,
java.lang.String @ 0x7800002d8  BOOLEAN,24,48,
java.lang.String @ 0x780000308  false,24,48,
java.lang.String @ 0x780000360  show-classes,24,56,
java.lang.String @ 0x780000398  Print loaded classes.,24,64,
java.lang.String @ 0x7800003d8  BOOLEAN,24,48,
java.lang.String @ 0x780000408  false,24,48,
java.lang.String @ 0x780000470  vmMetaspace,24,56,
java.lang.String @ 0x7800004c8  VM.metaspace,24,56,
java.lang.String @ 0x780000530  VM.metaspace,24,56,
java.lang.String @ 0x780000568  Prints the statistics for the metaspace,24,80,
java.lang.String @ 0x7800005b8  Medium: Depends on number of classes loaded.,24,88,
java.lang.String @ 0x780000610  java.lang.management.ManagementPermission,24,88,
java.lang.String @ 0x780000668  monitor,24,48,
java.lang.String @ 0x780000708  scale,24,48,
"java.lang.String @ 0x780000738  Memory usage in which to scale. Valid values are: 1, KB, MB or GB (fixed scale) or ""dynamic"" for a dynamically chosen scale.",24,168,
java.lang.String @ 0x7800007e0  STRING,24,48,
java.lang.String @ 0x780000810  dynamic,24,48,
java.lang.String @ 0x780000868  chunkfreelist,24,56,
java.lang.String @ 0x7800008a0  Shows details about global chunk free lists (ChunkManager).,24,104,
java.lang.String @ 0x780000908  BOOLEAN,24,48,
java.lang.String @ 0x780000938  false,24,48,
java.lang.String @ 0x780000990  vslist,24,48,
java.lang.String @ 0x7800009c0  Shows details about the underlying virtual space.,24,96,
java.lang.String @ 0x780000a20  BOOLEAN,24,48,
java.lang.String @ 0x780000a50  false,24,48,
java.lang.String @ 0x780000aa8  by-spacetype,24,56,
java.lang.String @ 0x780000ae0  Break down numbers by loader type.,24,80,
java.lang.String @ 0x780000b30  BOOLEAN,24,48,
java.lang.String @ 0x780000b60  false,24,48,
java.lang.String @ 0x780000bb8  by-chunktype,24,56,
java.lang.String @ 0x780000bf0  Break down numbers by chunk type.,24,80,
java.lang.String @ 0x780000c40  BOOLEAN,24,48,
java.lang.String @ 0x780000c70  false,24,48,
java.lang.String @ 0x780000cc8  show-classes,24,56,
"java.lang.String @ 0x780000d00  If show-loaders is set, shows loaded classes for each loader.",24,104,
java.lang.String @ 0x780000d68  BOOLEAN,24,48,
java.lang.String @ 0x780000d98  false,24,48,
java.lang.String @ 0x780000df0  show-loaders,24,56,
java.lang.String @ 0x780000e28  Shows usage by class loader.,24,72,
java.lang.String @ 0x780000e70  BOOLEAN,24,48,
java.lang.String @ 0x780000ea0  false,24,48,
java.lang.String @ 0x780000ef8  basic,24,48,
java.lang.String @ 0x780000f28  Prints a basic summary (does not need a safepoint).,24,96,
java.lang.String @ 0x780000f88  BOOLEAN,24,48,
java.lang.String @ 0x780000fb8  false,24,48,
java.lang.String @ 0x780001020  gcRun,24,48,
java.lang.String @ 0x780001070  GC.run,24,48,
java.lang.String @ 0x7800010d0  GC.run,24,48,
java.lang.String @ 0x780001100  Call java.lang.System.gc().,24,72,
java.lang.String @ 0x780001148  Medium: Depends on Java heap size and content.,24,88,
java.lang.String @ 0x7800011e8  vmSymboltable,24,56,
java.lang.String @ 0x780001240  VM.symboltable,24,56,
java.lang.String @ 0x7800012a8  VM.symboltable,24,56,
java.lang.String @ 0x7800012e0  Dump symbol table.,24,64,
java.lang.String @ 0x780001320  Medium: Depends on Java content.,24,72,
java.lang.String @ 0x780001368  java.lang.management.ManagementPermission,24,88,
java.lang.String @ 0x7800013c0  monitor,24,48,
java.lang.String @ 0x780001448  -verbose,24,48,
java.lang.String @ 0x780001478  Dump the content of each symbol in the table,24,88,
java.lang.String @ 0x7800014d0  BOOLEAN,24,48,
java.lang.String @ 0x780001500  false,24,48,
java.lang.String @ 0x780001568  jfrCheck,24,48,
java.lang.String @ 0x7800015b8  JFR.check,24,56,
java.lang.String @ 0x780001620  JFR.check,24,56,
java.lang.String @ 0x780001658  Checks running JFR recording(s),24,72,
java.lang.String @ 0x7800016a0  Low,24,48,
java.lang.String @ 0x7800016d0  java.lang.management.ManagementPermission,24,88,
java.lang.String @ 0x780001728  monitor,24,48,
java.lang.String @ 0x7800017b0  verbose,24,48,
java.lang.String @ 0x7800017e0  Print event settings for the recording(s),24,88,
java.lang.String @ 0x780001838  BOOLEAN,24,48,
java.lang.String @ 0x780001868  false,24,48,
java.lang.String @ 0x7800018c0  name,24,48,
"java.lang.String @ 0x7800018f0  Recording name, e.g. \""My Recording\"" or omit to see all recordings",24,112,
java.lang.String @ 0x780001960  STRING,24,48,
java.lang.String @ 0x7800019c8  vmEvents,24,48,
java.lang.String @ 0x780001a18  VM.events,24,56,
java.lang.String @ 0x780001a80  VM.events,24,56,
java.lang.String @ 0x780001ab8  Print VM event logs,24,64,
java.lang.String @ 0x780001af8  Low: Depends on event log size. ,24,72,
java.lang.String @ 0x780001b40  java.lang.management.ManagementPermission,24,88,
java.lang.String @ 0x780001b98  monitor,24,48,
java.lang.String @ 0x780001c20  max,24,48,
"java.lang.String @ 0x780001c50  Maximum number of events to be printed (newest first). If omitted, all events are printed.",24,136,
java.lang.String @ 0x780001cd8  STRING,24,48,
java.lang.String @ 0x780001d30  log,24,48,
"java.lang.String @ 0x780001d60  Name of log to be printed. If omitted, all logs are printed.",24,104,
java.lang.String @ 0x780001dc8  STRING,24,48,
java.lang.String @ 0x780001e48  javax.management.Notification,24,72,
java.lang.String @ 0x780001e90  Diagnostic Framework Notification,24,80,
java.lang.String @ 0x780001ef8  jmx.mbean.info.changed,24,64,
java.lang.String @ 0x780001f58  type=HotSpotDiagnostic,24,64,
java.lang.String @ 0x780002058  mxbean,24,48,
java.lang.String @ 0x780002088  interfaceClassName,24,64,
java.lang.String @ 0x7800020c8  immutableInfo,24,56,
java.lang.String @ 0x780002120  true,24,48,
java.lang.String @ 0x780002150  com.sun.management.HotSpotDiagnosticMXBean,24,88,
java.lang.String @ 0x7800021a8  true,24,48,
java.lang.String @ 0x7800021d8  com.sun.management.internal.HotSpotDiagnostic,24,88,
java.lang.String @ 0x780002288  ObjectName,24,56,
java.lang.String @ 0x780002348  DiagnosticOptions,24,64,
java.lang.String @ 0x7800023d0  java.util.List<com.sun.management.VMOption>,24,88,
java.lang.String @ 0x780002458  [Ljavax.management.openmbean.CompositeData;,24,88,
java.lang.String @ 0x7800024b0  1-dimension array of javax.management.openmbean.CompositeData,24,104,
java.lang.String @ 0x780002518  [Ljavax.management.openmbean.CompositeData;,24,88,
java.lang.String @ 0x7800025f0  javax.management.openmbean.CompositeData,24,80,
java.lang.String @ 0x780002640  com.sun.management.VMOption,24,72,
java.lang.String @ 0x780002728  origin,24,48,
java.lang.String @ 0x780002780  name,24,48,
java.lang.String @ 0x7800027d8  value,24,48,
java.lang.String @ 0x780002830  writeable,24,56,
java.lang.String @ 0x7800029b8  dumpThreads,24,56,
java.lang.String @ 0x780002ac0  p1,24,48,
java.lang.String @ 0x780002b38  com.sun.management.HotSpotDiagnosticMXBean$ThreadDumpFormat,24,104,
java.lang.String @ 0x780002bd8  p0,24,48,
java.lang.String @ 0x780002c78  setVMOption,24,56,
java.lang.String @ 0x780002d48  p1,24,48,
java.lang.String @ 0x780002df8  p0,24,48,
java.lang.String @ 0x780002e98  dumpHeap,24,48,
java.lang.String @ 0x780002f48  p1,24,48,
java.lang.String @ 0x780002ff8  p0,24,48,
java.lang.String @ 0x7800030a8  getVMOption,24,56,
java.lang.String @ 0x780003178  p0,24,48,
java.lang.String @ 0x780003228  Public constructor of the MBean,24,72,
java.lang.String @ 0x780003318  com.sun.management.HotSpotDiagnosticMXBean,24,88,
java.lang.String @ 0x780003648  getDiagnosticOptions,24,64,
java.lang.String @ 0x780003688  ()Ljava/util/List<Lcom/sun/management/VMOption;>;,24,96,
java.lang.String @ 0x780003940  from,24,48,
java.lang.String @ 0x780004060  getValue,24,48,
java.lang.String @ 0x780004198  getOrigin,24,56,
java.lang.String @ 0x7800042c0  isWriteable,24,56,
java.lang.String @ 0x7800046c8  java.util.List,24,56,
java.lang.String @ 0x780004780  com.sun.management.VMOption,24,72,
java.lang.String @ 0x780005180  type=Runtime,24,56,
java.lang.String @ 0x780005278  mxbean,24,48,
java.lang.String @ 0x7800052a8  interfaceClassName,24,64,
java.lang.String @ 0x7800052e8  immutableInfo,24,56,
java.lang.String @ 0x780005340  true,24,48,
java.lang.String @ 0x780005370  java.lang.management.RuntimeMXBean,24,80,
java.lang.String @ 0x7800053c0  true,24,48,
java.lang.String @ 0x7800053f0  sun.management.RuntimeImpl,24,72,
java.lang.String @ 0x7800054d0  ObjectName,24,56,
"java.lang.String @ 0x780005550  MMMM d, y G",24,56,
"java.lang.String @ 0x780005588  EEEE, MMMM d, y G",24,64,
java.lang.String @ 0x7800055c8  QQQQ y,24,48,
java.lang.String @ 0x7800055f8  MMMM y,24,48,
java.lang.String @ 0x780005628  M/y,24,48,
java.lang.String @ 0x780005658  M/d/y,24,48,
java.lang.String @ 0x780005688  M/d/y G,24,48,
java.lang.String @ 0x7800056b8  h\u202fa,24,48,
"java.lang.String @ 0x7800056e8  E, MMM d",24,48,
"java.lang.String @ 0x780005718  E, M/d",24,48,
java.lang.String @ 0x780005748  d E,24,48,
java.lang.String @ 0x780005778  M/d,24,48,
java.lang.String @ 0x7800057a8  MMM y,24,48,
java.lang.String @ 0x7800057d8  QQQ y,24,48,
"java.lang.String @ 0x780005808  MMM d, y",24,48,
java.lang.String @ 0x780005838  h:mm:ss\u202fa v,24,64,
java.lang.String @ 0x780005878  h:mm\u202fa v,24,56,
"java.lang.String @ 0x7800058b0  E, M/d/y",24,48,
java.lang.String @ 0x7800058e0  E h:mm\u202fa,24,56,
java.lang.String @ 0x780005918  E h:mm:ss\u202fa,24,64,
"java.lang.String @ 0x780005958  E, MMM d, y",24,56,
java.lang.String @ 0x780005990  generic.QuarterNarrows,24,64,
java.lang.String @ 0x7800059d0  generic.QuarterAbbreviations,24,72,
java.lang.String @ 0x780005a18  Gregorian Calendar,24,64,
java.lang.String @ 0x780005a58  QQQ y G,24,48,
"java.lang.String @ 0x780005a88  E, M/d/y GGGGG",24,56,
java.lang.String @ 0x780005ac0  QQQQ y G,24,48,
java.lang.String @ 0x780005af0  MMMM y G,24,48,
java.lang.String @ 0x780005b20  Minguo,24,48,
java.lang.String @ 0x780005b50  B.R.O.C.,24,48,
java.lang.String @ 0x780005b80  midnight:00:00;noon:12:00;night1:21:00-06:00;afternoon1:12:00-18:00;morning1:06:00-12:00;evening1:18:00-21:00,24,152,
java.lang.String @ 0x780005c18  one:i = 1 and v = 0,24,64,
java.lang.String @ 0x780005c58  M/d/yy,24,48,
"java.lang.String @ 0x780005c88  MMMM d, y",24,56,
"java.lang.String @ 0x780005cc0  EEEE, MMMM d, y",24,56,
java.lang.String @ 0x780005cf8  {0} Standard Time,24,64,
java.lang.String @ 0x780005d38  {0} Daylight Time,24,64,
java.lang.String @ 0x780005d78  {0} Time,24,48,
java.lang.String @ 0x780005da8  AM/PM,24,48,
java.lang.String @ 0x780005dd8  day of the week,24,56,
java.lang.String @ 0x780005e10  week,24,48,
java.lang.String @ 0x780005e40  buddhist.QuarterNarrows,24,64,
java.lang.String @ 0x780005e80  buddhist.QuarterAbbreviations,24,72,
java.lang.String @ 0x780005ec8  buddhist.DayNarrows,24,64,
java.lang.String @ 0x780005f08  buddhist.MonthNarrows,24,64,
java.lang.String @ 0x780005f48  japanese.narrow.AmPmMarkers,24,72,
java.lang.String @ 0x780005f90  japanese.QuarterAbbreviations,24,72,
java.lang.String @ 0x780005fd8  japanese.DayNarrows,24,64,
java.lang.String @ 0x780006018  japanese.MonthNarrows,24,64,
java.lang.String @ 0x780006058  roc.DayAbbreviations,24,64,
java.lang.String @ 0x780006098  roc.MonthNarrows,24,56,
java.lang.String @ 0x7800060d0  roc.narrow.AmPmMarkers,24,64,
java.lang.String @ 0x780006110  roc.QuarterAbbreviations,24,64,
java.lang.String @ 0x780006150  islamic.DateFormatItem.yyyyQQQQ,24,72,
java.lang.String @ 0x780006198  islamic.narrow.AmPmMarkers,24,72,
java.lang.String @ 0x7800061e0  islamic.QuarterNarrows,24,64,
java.lang.String @ 0x780006220  islamic.QuarterAbbreviations,24,72,
java.lang.String @ 0x780006268  islamic.DayNarrows,24,64,
java.lang.String @ 0x7800062a8  islamic.DateFormatItem.yyyy,24,72,
java.lang.String @ 0x7800062f0  islamic.DateFormatItem.yyyyM,24,72,
java.lang.String @ 0x780006338  islamic.DateFormatItem.yyyyQQQ,24,72,
java.lang.String @ 0x780006380  calendarname.gregory,24,64,
java.lang.String @ 0x7800063c0  calendarname.gregorian,24,64,
java.lang.String @ 0x780006400  Hijri Calendar (Umm al-Qura),24,72,
java.lang.String @ 0x780006448  calendarname.islamic-umalqura,24,72,
java.lang.String @ 0x780006490  Minguo Calendar,24,56,
java.lang.String @ 0x7800064c8  calendarname.roc,24,56,
java.lang.String @ 0x780006500  Japanese Calendar,24,64,
java.lang.String @ 0x780006540  calendarname.japanese,24,64,
java.lang.String @ 0x780006580  Buddhist Calendar,24,64,
java.lang.String @ 0x7800065c0  calendarname.buddhist,24,64,
java.lang.String @ 0x780006600  Hijri Calendar,24,56,
java.lang.String @ 0x780006638  calendarname.islamic,24,64,
"java.lang.String @ 0x780006678  Hijri Calendar (tabular, civil epoch)",24,80,
java.lang.String @ 0x7800066c8  calendarname.islamic-civil,24,72,
java.lang.String @ 0x780006710  {0} & {1},24,56,
"java.lang.String @ 0x780006748  {0}, & {1}",24,56,
java.lang.String @ 0x780006780  {one:000' 'trillion other:000' 'trillion},24,88,
java.lang.String @ 0x7800067d8  {one:00' 'trillion other:00' 'trillion},24,80,
java.lang.String @ 0x780006828  {one:0' 'trillion other:0' 'trillion},24,80,
java.lang.String @ 0x780006878  {one:000' 'billion other:000' 'billion},24,80,
java.lang.String @ 0x7800068c8  {one:00' 'billion other:00' 'billion},24,80,
java.lang.String @ 0x780006918  {one:0' 'billion other:0' 'billion},24,80,
java.lang.String @ 0x780006968  {one:000' 'million other:000' 'million},24,80,
java.lang.String @ 0x7800069b8  {one:00' 'million other:00' 'million},24,80,
java.lang.String @ 0x780006a08  {one:0' 'million other:0' 'million},24,80,
java.lang.String @ 0x780006a58  {one:000' 'thousand other:000' 'thousand},24,88,
java.lang.String @ 0x780006ab0  {one:00' 'thousand other:00' 'thousand},24,80,
java.lang.String @ 0x780006b00  {one:0' 'thousand other:0' 'thousand},24,80,
java.lang.String @ 0x780006b50  {one:000T other:000T},24,64,
java.lang.String @ 0x780006b90  {one:000B other:000B},24,64,
java.lang.String @ 0x780006bd0  {one:00B other:00B},24,64,
java.lang.String @ 0x780006c10  {one:0B other:0B},24,64,
java.lang.String @ 0x780006c50  {one:000M other:000M},24,64,
java.lang.String @ 0x780006c90  {one:00M other:00M},24,64,
java.lang.String @ 0x780006cd0  {one:0M other:0M},24,64,
java.lang.String @ 0x780006d10  {one:000K other:000K},24,64,
java.lang.String @ 0x780006d50  {one:00K other:00K},24,64,
java.lang.String @ 0x780006d90  {one:0K other:0K},24,64,
"java.lang.String @ 0x780006dd0  \uffa4#,##0.00",24,56,
java.lang.String @ 0x780007008  JMX connector server communication error,24,80,
java.lang.String @ 0x780007058  agent.err.connector.server.io.error,24,80,
java.lang.String @ 0x7800070a8  Config file not found,24,64,
java.lang.String @ 0x7800070e8  agent.err.configfile.notfound,24,72,
java.lang.String @ 0x780007130  Failed in reading the config file,24,80,
java.lang.String @ 0x780007180  agent.err.configfile.failed,24,72,
java.lang.String @ 0x7800071c8  Failed in closing the config file,24,80,
java.lang.String @ 0x780007218  agent.err.configfile.closed.failed,24,80,
java.lang.String @ 0x780007268  Access to the config file is denied,24,80,
java.lang.String @ 0x7800072b8  agent.err.configfile.access.denied,24,80,
java.lang.String @ 0x780007308  Management agent class not found,24,72,
java.lang.String @ 0x780007350  agent.err.agentclass.notfound,24,72,
java.lang.String @ 0x780007398  Management agent class failed ,24,72,
java.lang.String @ 0x7800073e0  agent.err.agentclass.failed,24,72,
java.lang.String @ 0x780007428  Access to premain(String) is denied,24,80,
java.lang.String @ 0x780007478  agent.err.agentclass.access.denied,24,80,
java.lang.String @ 0x7800074c8  Failed in reading the access file,24,80,
java.lang.String @ 0x780007518  agent.err.access.file.read.failed,24,80,
java.lang.String @ 0x780007568  Access file is not specified but com.sun.management.jmxremote.authenticate=true,24,120,
java.lang.String @ 0x7800075e0  agent.err.access.file.notset,24,72,
java.lang.String @ 0x780007628  Access file not found,24,64,
java.lang.String @ 0x780007668  agent.err.access.file.notfound,24,72,
java.lang.String @ 0x7800076b0  Access file not readable,24,64,
java.lang.String @ 0x7800076f0  agent.err.access.file.not.readable,24,80,
java.lang.String @ 0x780007740  Starting JMX Connector Server:,24,72,
java.lang.String @ 0x780007788  jmxremote.ConnectorBootstrap.starting,24,80,
java.lang.String @ 0x7800077d8  JMX Connector ready at: {0},24,72,
java.lang.String @ 0x780007820  jmxremote.ConnectorBootstrap.ready,24,80,
java.lang.String @ 0x780007870  Password file read access must be restricted: {0},24,96,
java.lang.String @ 0x7800078d0  jmxremote.ConnectorBootstrap.password.readonly,24,88,
java.lang.String @ 0x780007928  No Authentication,24,64,
java.lang.String @ 0x780007968  jmxremote.ConnectorBootstrap.noAuthentication,24,88,
java.lang.String @ 0x7800079c0  File read access must be restricted: {0},24,80,
java.lang.String @ 0x780007a10  jmxremote.ConnectorBootstrap.file.readonly,24,88,
java.lang.String @ 0x780007a68  Warning,24,48,
java.lang.String @ 0x780007a98  agent.err.warning,24,64,
java.lang.String @ 0x780007ad8  premain(String) does not exist in agent class,24,88,
java.lang.String @ 0x780007b30  agent.err.premain.notfound,24,72,
java.lang.String @ 0x780007b78  Failed in reading the password file,24,80,
java.lang.String @ 0x780007bc8  agent.err.password.file.read.failed,24,80,
java.lang.String @ 0x780007c18  Password file is not specified but com.sun.management.jmxremote.authenticate=true,24,128,
java.lang.String @ 0x780007c98  agent.err.password.file.notset,24,72,
java.lang.String @ 0x780007ce0  Password file not found,24,64,
java.lang.String @ 0x780007d20  agent.err.password.file.notfound,24,72,
java.lang.String @ 0x780007d68  Password file not readable,24,72,
java.lang.String @ 0x780007db0  agent.err.password.file.not.readable,24,80,
java.lang.String @ 0x780007e00  Password file read access must be restricted,24,88,
java.lang.String @ 0x780007e58  agent.err.password.file.access.notrestricted,24,88,
java.lang.String @ 0x780007eb0  Invalid agent state: {0},24,64,
java.lang.String @ 0x780007ef0  agent.err.invalid.state,24,64,
java.lang.String @ 0x780007f30  Invalid option specified,24,64,
java.lang.String @ 0x780007f70  agent.err.invalid.option,24,64,
java.lang.String @ 0x780007fb0  Invalid com.sun.management.jmxremote.rmi.port number,24,96,
java.lang.String @ 0x780008010  agent.err.invalid.jmxremote.rmi.port,24,80,
java.lang.String @ 0x780008060  Invalid com.sun.management.jmxremote.port number,24,88,
java.lang.String @ 0x7800080b8  agent.err.invalid.jmxremote.port,24,72,
java.lang.String @ 0x780008100  Invalid com.sun.management.agent.class property value,24,96,
java.lang.String @ 0x780008160  agent.err.invalid.agentclass,24,72,
java.lang.String @ 0x7800081a8  Failed in reading the file,24,72,
java.lang.String @ 0x7800081f0  agent.err.file.read.failed,24,72,
java.lang.String @ 0x780008238  File not specified,24,64,
java.lang.String @ 0x780008278  agent.err.file.not.set,24,64,
java.lang.String @ 0x7800082b8  File not readable,24,64,
java.lang.String @ 0x7800082f8  agent.err.file.not.readable,24,72,
java.lang.String @ 0x780008340  File not found,24,56,
java.lang.String @ 0x780008378  agent.err.file.not.found,24,64,
java.lang.String @ 0x7800083b8  File read access must be restricted,24,80,
java.lang.String @ 0x780008408  agent.err.file.access.not.restricted,24,80,
java.lang.String @ 0x780008458  Export of JMX connector address to instrumentation buffer failed,24,104,
java.lang.String @ 0x7800084c0  agent.err.exportaddress.failed,24,72,
java.lang.String @ 0x780008508  Exception thrown by the agent ,24,72,
java.lang.String @ 0x780008550  agent.err.exception,24,64,
java.lang.String @ 0x780008590  agent.err.error,24,56,
java.lang.String @ 0x7800085c8  jdk.internal.agent.resources.agent,24,80,
java.lang.String @ 0x780009778  void unbind(java.lang.String),24,72,
"java.lang.String @ 0x7800097c0  void rebind(java.lang.String, java.rmi.Remote)",24,88,
java.lang.String @ 0x780009818  java.rmi.Remote lookup(java.lang.String),24,80,
java.lang.String @ 0x780009868  java.lang.String list()[],24,72,
"java.lang.String @ 0x7800098b0  void bind(java.lang.String, java.rmi.Remote)",24,88,
java.lang.String @ 0x780009de0  java.util.logging.ConsoleHandler.level,24,80,
java.lang.String @ 0x780009e30  INFO,24,48,
java.lang.String @ 0x780009e80  java.util.logging.ConsoleHandler.formatter,24,88,
java.lang.String @ 0x780009ed8  java.util.logging.SimpleFormatter,24,80,
java.lang.String @ 0x780009f48  java.util.logging.FileHandler.maxLocks,24,80,
java.lang.String @ 0x780009f98  100,24,48,
java.lang.String @ 0x780009fe8  handlers,24,48,
java.lang.String @ 0x78000a018  java.util.logging.ConsoleHandler,24,72,
java.lang.String @ 0x78000a080  .level,24,48,
java.lang.String @ 0x78000a0b0  INFO,24,48,
java.lang.String @ 0x78000a100  java.util.logging.FileHandler.limit,24,80,
java.lang.String @ 0x78000a150  50000,24,48,
java.lang.String @ 0x78000a1a0  java.util.logging.FileHandler.count,24,80,
java.lang.String @ 0x78000a1f0  1,24,48,
java.lang.String @ 0x78000a240  java.util.logging.FileHandler.formatter,24,80,
java.lang.String @ 0x78000a290  java.util.logging.XMLFormatter,24,72,
java.lang.String @ 0x78000a2f8  java.util.logging.FileHandler.pattern,24,80,
java.lang.String @ 0x78000a348  %h/java%u.log,24,56,
java.lang.String @ 0x78000a498  sun.rmi.client.ref,24,64,
java.lang.String @ 0x78000a908  sun.rmi.dgc,24,56,
java.lang.String @ 0x78000ab38  sun.rmi.transport.misc,24,64,
java.lang.String @ 0x78000ac60  sun.rmi.server.call,24,64,
java.lang.String @ 0x78000ad88  sun.rmi.client.call,24,64,
java.lang.String @ 0x78000ae68  sun.rmi.server.ref,24,64,
java.lang.String @ 0x78000af90  java.io.serialization,24,64,
java.lang.String @ 0x78000b1f8  javax.management.remote.misc,24,72,
java.lang.String @ 0x78000b450  javax.management.misc,24,64,
java.lang.String @ 0x78000b598  javax.management.mbeanserver,24,72,
java.lang.String @ 0x78000b7e8  ref,24,48,
java.lang.String @ 0x78000b838  call,24,48,
java.lang.String @ 0x78000b978  transport,24,56,
java.lang.String @ 0x78000ba70  misc,24,48,
java.lang.String @ 0x78000bb10  tcp,24,48,
java.lang.String @ 0x78000bbb0  client,24,48,
java.lang.String @ 0x78000bc00  runtime,24,48,
java.lang.String @ 0x78000bca0  server,24,48,
java.lang.String @ 0x78000bd90  ref,24,48,
java.lang.String @ 0x78000be30  call,24,48,
java.lang.String @ 0x78000bed0  dgc,24,48,
java.lang.String @ 0x78000c010  rmi,24,48,
java.lang.String @ 0x78000c060  management,24,56,
java.lang.String @ 0x78000c158  jmxremote,24,56,
java.lang.String @ 0x78000c2a0  sun,24,48,
java.lang.String @ 0x78000c360  javax,24,48,
java.lang.String @ 0x78000c450  management,24,56,
java.lang.String @ 0x78000c548  misc,24,48,
java.lang.String @ 0x78000c5e8  mbeanserver,24,56,
java.lang.String @ 0x78000c690  remote,24,48,
java.lang.String @ 0x78000c780  misc,24,48,
java.lang.String @ 0x78000c820  rmi,24,48,
java.lang.String @ 0x78000c8c0  java,24,48,
java.lang.String @ 0x78000c9b0  io,24,48,
java.lang.String @ 0x78000caa0  serialization,24,56,
java.lang.String @ 0x78000cf68  ref,24,48,
java.lang.String @ 0x78000cfb8  call,24,48,
java.lang.String @ 0x78000d0f8  transport,24,56,
java.lang.String @ 0x78000d1f0  misc,24,48,
java.lang.String @ 0x78000d290  tcp,24,48,
java.lang.String @ 0x78000d330  client,24,48,
java.lang.String @ 0x78000d380  runtime,24,48,
java.lang.String @ 0x78000d420  server,24,48,
java.lang.String @ 0x78000d510  ref,24,48,
java.lang.String @ 0x78000d5b0  call,24,48,
java.lang.String @ 0x78000d650  dgc,24,48,
java.lang.String @ 0x78000d790  rmi,24,48,
java.lang.String @ 0x78000d7e0  management,24,56,
java.lang.String @ 0x78000d8d8  jmxremote,24,56,
java.lang.String @ 0x78000da20  sun,24,48,
java.lang.String @ 0x78000dae0  javax,24,48,
java.lang.String @ 0x78000dbd0  management,24,56,
java.lang.String @ 0x78000dcc8  misc,24,48,
java.lang.String @ 0x78000dd68  mbeanserver,24,56,
java.lang.String @ 0x78000de10  remote,24,48,
java.lang.String @ 0x78000df00  misc,24,48,
java.lang.String @ 0x78000dfa0  rmi,24,48,
java.lang.String @ 0x78000e040  java,24,48,
java.lang.String @ 0x78000e130  io,24,48,
java.lang.String @ 0x78000e220  serialization,24,56,
java.lang.String @ 0x78000eb98  UnicastRef2,24,56,
java.lang.String @ 0x78000eda8  ()Ljava/io/ObjectInputFilter;,24,72,
java.lang.String @ 0x78000eff0  (Ljava/io/ObjectInputFilter$FilterInfo;)Ljava/io/ObjectInputFilter$Status;,24,120,
java.lang.String @ 0x78000f098  singleRegistryFilter,24,64,
java.lang.String @ 0x78000f1a8  initRegistryFilter,24,64,
java.lang.String @ 0x78000f200  sun.rmi.registry.registryFilter,24,72,
java.lang.String @ 0x78000f5c8  bind,24,48,
java.lang.String @ 0x78000f840  rebind,24,48,
java.lang.String @ 0x78000f8f8  lookup,24,48,
java.lang.String @ 0x78000f9b8  list,24,48,
java.lang.String @ 0x78000fa58  unbind,24,48,
java.lang.String @ 0x78001fa78  /Users/sameervhatkar/.m2/repository/org/apache/tomcat/embed/tomcat-embed-websocket/10.1.55/tomcat-embed-websocket-10.1.55.jar,24,168,
java.lang.String @ 0x780020968  /Users/sameervhatkar/.m2/repository/org/apache/tomcat/embed/tomcat-embed-el/10.1.55/tomcat-embed-el-10.1.55.jar,24,152,
java.lang.String @ 0x7800227b0  /Users/sameervhatkar/.m2/repository/org/springframework/boot/spring-boot-starter-tomcat/3.5.16/spring-boot-starter-tomcat-3.5.16.jar,24,176,
java.lang.String @ 0x780022d98  /Users/sameervhatkar/.m2/repository/com/fasterxml/jackson/module/jackson-module-parameter-names/2.21.4/jackson-module-parameter-names-2.21.4.jar,24,184,
java.lang.String @ 0x7800552d8  RMI Runtime,24,56,
java.lang.String @ 0x780055580  (Ljava/net/SocketPermission;)V,24,72,
java.lang.String @ 0x7800556c0  (Ljava/net/SocketPermission;Ljava/net/SocketPermission;Ljava/net/SocketPermission;)Ljava/net/SocketPermission;,24,152,
java.lang.String @ 0x780055788  lambda$add$0,24,56,
"java.lang.String @ 0x7800558e0  java.rmi.dgc.Lease dirty(java.rmi.server.ObjID[], long, java.rmi.dgc.Lease)",24,120,
"java.lang.String @ 0x780055958  void clean(java.rmi.server.ObjID[], long, java.rmi.dgc.VMID, boolean)",24,112,
java.lang.String @ 0x780056018  sun.rmi.transport.dgcFilter,24,72,
java.lang.String @ 0x780056270  java.util.concurrent.ScheduledThreadPoolExecutor@5e853265,24,104,
java.lang.String @ 0x7800564e0  checkInput,24,56,
"java.lang.String @ 0x780056530  accept,resolve",24,56,
java.lang.String @ 0x780056778  serialVersionUID,24,56,
java.lang.String @ 0x7800567b0  serialPersistentFields,24,64,
java.lang.String @ 0x780056800  sun.io.serialization.extendedDebugInfo,24,80,
java.lang.String @ 0x780057138  lambda$static$0,24,56,
java.lang.String @ 0x780057188  sun.rmi.runtime.RuntimeUtil.getInstance,24,80,
java.lang.String @ 0x7800571d8  sun.rmi.runtime.schedulerThreads,24,72,
java.lang.String @ 0x780057500  initDgcFilter,24,56,
java.lang.String @ 0x7800575a8  lambda$static$2,24,56,
java.lang.String @ 0x780057650  lambda$static$1,24,56,
java.lang.String @ 0x7800576f8  lambda$static$0,24,56,
java.lang.String @ 0x780057748  dgc,24,48,
java.lang.String @ 0x780057778  sun.rmi.dgc.logLevel,24,64,
java.lang.String @ 0x7800577b8  java.rmi.dgc.leaseValue,24,64,
java.lang.String @ 0x7800577f8  sun.rmi.dgc.checkInterval,24,72,
java.lang.String @ 0x780057930  lambda$static$0,24,56,
java.lang.String @ 0x780057980  sun.rmi.dgc.server.gcInterval,24,72,
java.lang.String @ 0x780057c00  jmx.remote.rmi.server.credentials.filter.pattern,24,88,
java.lang.String @ 0x780057c58  java.lang.String;!*,24,64,
java.lang.String @ 0x780057cb8  com.sun.jmx.remote.rmi.exporter,24,72,
java.lang.String @ 0x780057d30  jmx.remote.rmi.server.serial.filter.pattern,24,88,
java.lang.String @ 0x780057d88  java.lang.*;java.lang.reflect.Proxy;java.math.BigInteger;java.math.BigDecimal;java.util.*;javax.management.*;javax.management.modelmbean.*;javax.management.monitor.*;javax.management.openmbean.*;javax.management.relation.*;javax.management.remote.*;javax.m...,24,456,
java.lang.String @ 0x780058010  rmi,24,48,
java.lang.String @ 0x780058040  Sameers-Laptop.local,24,64,
java.lang.String @ 0x780058080  /stub/rO0ABXNyAC5qYXZheC5tYW5hZ2VtZW50LnJlbW90ZS5ybWkuUk1JU2VydmVySW1wbF9TdHViAAAAAAAAAAICAAB4cgAaamF2YS5ybWkuc2VydmVyLlJlbW90ZVN0dWLp/tzJi+FlGgIAAHhyABxqYXZhLnJtaS5zZXJ2ZXIuUmVtb3RlT2JqZWN002G0kQxhMx4DAAB4cHcyAApVbmljYXN0UmVmAAlsb2NhbGhvc3QAACcP4FmAOIPIDq...,24,320,
java.lang.String @ 0x780058290  javax.security.auth.Subject,24,72,
java.lang.String @ 0x7800582e8  java.rmi.server,24,56,
java.lang.String @ 0x780058330  java.rmi.dgc,24,56,
java.lang.String @ 0x780058378  java.rmi.MarshalledObject,24,72,
java.lang.String @ 0x7800583d0  javax.rmi.ssl,24,56,
java.lang.String @ 0x780058418  javax.management.timer,24,64,
java.lang.String @ 0x780058468  javax.management.remote.rmi,24,72,
java.lang.String @ 0x7800584c0  javax.management.remote,24,64,
java.lang.String @ 0x780058510  javax.management.relation,24,72,
java.lang.String @ 0x780058568  javax.management.openmbean,24,72,
java.lang.String @ 0x7800585c0  javax.management.monitor,24,64,
java.lang.String @ 0x780058610  javax.management.modelmbean,24,72,
java.lang.String @ 0x780058668  javax.management,24,56,
java.lang.String @ 0x7800586b0  java.util,24,56,
java.lang.String @ 0x7800586f8  java.math.BigDecimal,24,64,
java.lang.String @ 0x780058748  java.math.BigInteger,24,64,
java.lang.String @ 0x780058798  java.lang.reflect.Proxy,24,64,
java.lang.String @ 0x7800587e8  java.lang,24,56,
java.lang.String @ 0x7800588a8  java.lang.String,24,56,
java.lang.String @ 0x780058da0  getVersion,24,56,
java.lang.String @ 0x780058e48  newClient,24,56,
java.lang.String @ 0x780059710  jmxrmi,24,48,
java.lang.String @ 0x780059c20  ClassPath,24,56,
java.lang.String @ 0x780059ce0  Name,24,48,
java.lang.String @ 0x780059d78  Pid,24,48,
java.lang.String @ 0x780059e30  SystemProperties,24,56,
"java.lang.String @ 0x780059eb0  java.util.Map<java.lang.String, java.lang.String>",24,96,
java.lang.String @ 0x780059f40  javax.management.openmbean.TabularData,24,80,
"java.lang.String @ 0x780059f90  java.util.Map<java.lang.String, java.lang.String>",24,96,
java.lang.String @ 0x78005a0c8  key,24,48,
java.lang.String @ 0x78005a208  StartTime,24,56,
java.lang.String @ 0x78005a2c8  InputArguments,24,56,
java.lang.String @ 0x78005a348  java.util.List<java.lang.String>,24,72,
java.lang.String @ 0x78005a3c0  [Ljava.lang.String;,24,64,
java.lang.String @ 0x78005a400  1-dimension array of java.lang.String,24,80,
java.lang.String @ 0x78005a450  [Ljava.lang.String;,24,64,
java.lang.String @ 0x78005a518  SpecVersion,24,56,
java.lang.String @ 0x78005a5d8  SpecVendor,24,56,
java.lang.String @ 0x78005a698  SpecName,24,48,
java.lang.String @ 0x78005a750  ManagementSpecVersion,24,64,
java.lang.String @ 0x78005a7f8  Uptime,24,48,
java.lang.String @ 0x78005a8b0  BootClassPath,24,56,
java.lang.String @ 0x78005a970  LibraryPath,24,56,
