Class Name,Objects,Shallow Heap,
byte[],1493894,100773152,
java.lang.String,1479078,35497872,
long[],68306,33032144,
int[],150052,32698352,
java.lang.Object[],233542,23257936,
float[],6493,13160240,
java.util.HashMap$Node,390386,12492352,
char[],4518,9086680,
java.util.concurrent.ConcurrentHashMap$Node,251701,8054432,
java.util.HashMap$Node[],46922,5492248,
java.util.ResourceBundle$CacheKey,70125,5049000,
java.util.ResourceBundle$KeyElementReference,140250,4488000,
java.util.ArrayList,141859,3404616,
java.util.LinkedHashMap$Entry,82916,3316640,
java.util.concurrent.ConcurrentHashMap$Node[],5586,3090056,
com.google.common.collect.MapMakerInternalMap$WeakKeyDummyValueEntry,93376,2988032,
java.lang.String[],65400,2847384,
java.util.ResourceBundle$BundleReference,70125,2805000,
org.languagetool.AnalyzedToken,74419,2381408,
org.languagetool.tagging.disambiguation.rules.DisambiguationPatternRule,12845,2363480,
org.languagetool.rules.patterns.PatternToken,68950,2206400,
java.lang.invoke.MemberName,44796,1791840,
java.util.HashMap,37255,1788240,
java.lang.reflect.Method,15286,1345168,
java.lang.invoke.MethodType,31358,1254320,
com.intellij.openapi.vfs.impl.ArchiveHandler$EntryInfo,29816,1192640,
groovyjarjarantlr4.v4.runtime.atn.ATNConfig,49246,1181904,
com.intellij.openapi.vfs.newvfs.persistent.namecache.MRUFileNameCache$CacheEntryNameWithId,46280,1110720,
short[],4699,1106992,
java.util.LinkedHashMap,16797,1075008,
kotlin.reflect.jvm.internal.impl.metadata.ProtoBuf$Type,11943,1050984,
org.languagetool.rules.patterns.PatternRule,6156,1034208,
com.intellij.util.xml.dom.XmlElement,31562,1009984,
jdk.internal.util.WeakReferenceKey,31358,1003456,
it.unimi.dsi.fastutil.objects.Object2IntOpenHashMap,15294,978816,
org.languagetool.rules.patterns.AbstractTokenBasedRule$TokenHint,39919,958056,
jdk.internal.jimage.ImageReader$Resource,28528,912896,
com.google.common.collect.MapMakerInternalMap$WeakKeyDummyValueEntry$LinkedWeakKeyDummyValueEntry,22484,899360,
java.lang.Class[],31082,881632,
int[][],339,865800,
java.util.concurrent.ConcurrentHashMap,13186,843904,
java.lang.Object,52635,842160,
java.lang.Class,88750,816128,
double[],423,784864,
com.intellij.openapi.extensions.ExtensionDescriptor,19504,780160,
kotlin.reflect.jvm.internal.impl.protobuf.SmallSortedMap$1,18680,747200,
ai.grazie.nlp.patterns.AhoCorasickPattern$TrieNode,22272,712704,
java.lang.invoke.DirectMethodHandle,17512,700480,
jdk.internal.jimage.ImageLocation,28528,684672,
boolean[],2589,670648,
ai.grazie.rules.common.KnownPhrases$Phrase,26953,646872,
java.lang.ref.WeakReference,19349,619168,
kotlin.coroutines.CombinedContext,25267,606408,
java.lang.CharSequence[],11765,564720,
java.lang.ref.SoftReference,13477,539080,
java.lang.invoke.BoundMethodHandle$Species_LL,13185,527400,
java.util.Hashtable$Entry,15234,487488,
java.lang.invoke.ResolvedMethodName,30423,486768,
java.lang.invoke.DirectMethodHandle$Constructor,10104,484992,
org.languagetool.rules.patterns.AbstractTokenBasedRule$TokenHint[],18259,483688,
java.util.Collections$SingletonMap,11483,459320,
org.languagetool.rules.patterns.PatternToken$RareFields,9516,456768,
kotlin.reflect.jvm.internal.impl.protobuf.FieldSet,18680,448320,
org.languagetool.rules.patterns.Match,7311,409416,
ai.grazie.detector.utils.collections.array.OneOptimizedFloatArray,16585,398040,
org.jetbrains.plugins.textmate.language.syntax.SyntaxNodeDescriptorImpl,16264,390336,
com.intellij.util.lang.ClassLoadingLocks$WeakLockReference,11937,381984,
com.intellij.openapi.extensions.impl.XmlExtensionAdapter,7912,379776,
java.lang.reflect.Field,5047,363384,
com.intellij.util.lang.Loader[][],819,361752,
java.util.regex.Pattern,4052,356576,
com.intellij.util.containers.LinkedCustomHashMap$Entry[],1994,330696,
com.intellij.openapi.extensions.impl.SimpleConstructorInjectionAdapter,6573,315504,
com.intellij.openapi.editor.impl.RangeHighlighterImpl,3509,308792,
kotlinx.serialization.json.JsonLiteral,12651,303624,
com.intellij.openapi.vfs.newvfs.persistent.namecache.MRUFileNameCache$CacheEntryNameWithId[],1,294928,
org.jetbrains.plugins.textmate.language.syntax.TextMateCapture$Name,18392,294272,
com.intellij.openapi.extensions.PluginId,17956,287296,
kotlin.reflect.jvm.internal.impl.metadata.ProtoBuf$Function,2550,285600,
java.lang.invoke.LambdaForm$Name,8885,284320,
java.lang.ref.SoftReference[],3723,282904,
org.codehaus.groovy.ast.ClassNode,1948,280512,
java.awt.geom.AffineTransform,3881,279432,
com.intellij.util.SmartList,11344,272256,
java.lang.invoke.BoundMethodHandle$Species_L,6781,271240,
com.intellij.internal.statistic.eventLog.validator.rules.FUSRule[],11067,268504,
org.jetbrains.plugins.textmate.language.syntax.TextMateCapture[],8388,267232,
java.util.BitSet,10889,261336,
com.intellij.psi.impl.source.tree.java.PsiJavaTokenImpl,6286,251440,
com.intellij.openapi.editor.impl.RangeHighlighterTree$RHNode,3491,251352,
it.unimi.dsi.fastutil.objects.ObjectOpenHashSet,5220,250560,
com.intellij.psi.impl.source.tree.PsiWhiteSpaceImpl,6201,248040,
kotlin.reflect.jvm.internal.impl.metadata.ProtoBuf$Type$Argument,5104,244992,
java.util.Collections$UnmodifiableRandomAccessList,10149,243576,
java.util.concurrent.locks.ReentrantLock$NonfairSync,7252,232064,
com.intellij.openapi.vfs.newvfs.impl.VirtualDirectoryImpl,5800,232000,
kotlinx.coroutines.debug.internal.HashedWeakRef,7141,228512,
sun.java2d.SunGraphics2D,1087,226096,
kotlinx.coroutines.ChildHandleNode,6983,223456,
java.nio.ByteBuffer[],57,222112,
com.intellij.openapi.actionSystem.Presentation,4619,221712,
com.intellij.util.keyFMap.OneElementFMap,9224,221376,
java.util.Collections$SingletonList,9117,218808,
java.util.logging.LogManager$LoggerWeakRef,4530,217440,
groovyjarjarantlr4.v4.runtime.atn.SingletonPredictionContext,8948,214752,
org.languagetool.rules.IncorrectExample,8926,214224,
kotlin.reflect.jvm.internal.ReflectProperties$LazySoftVal,8609,206616,
kotlinx.coroutines.internal.DispatchedContinuation,4298,206304,
org.jetbrains.plugins.textmate.language.syntax.TextMateCapture[][],6337,202784,
com.intellij.codeInspection.ex.ScopeToolState,5007,200280,
com.intellij.psi.impl.source.tree.java.PsiReferenceParameterListImpl,3530,197680,
java.util.regex.Pattern$Slice,8225,197400,
java.util.ImmutableCollections$List12,8193,196632,
ai.grazie.rules.tree.HintableFeature,8165,195960,
java.awt.AWTEventMulticaster,7973,191352,
com.intellij.openapi.vfs.newvfs.impl.VfsData$DirectoryData,5963,190816,
java.util.HashMap$KeySet,11833,189328,
com.intellij.psi.impl.source.tree.java.PsiIdentifierImpl,4687,187480,
java.util.WeakHashMap$Entry,4685,187400,
com.intellij.psi.impl.java.stubs.impl.PsiMethodStubImpl,3822,183456,
com.intellij.codeInspection.LocalInspectionEP,1628,182336,
java.lang.Package,5496,175872,
org.jetbrains.plugins.textmate.language.syntax.SyntaxNodeReferenceDescriptor,7195,172680,
com.intellij.openapi.actionSystem.ActionStub,2691,172224,
com.intellij.psi.impl.source.PsiJavaCodeReferenceElementImpl,2368,170496,
com.intellij.ui.JBColor,3539,169872,
org.languagetool.rules.patterns.StringMatcher$1,6933,166392,
java.util.concurrent.atomic.AtomicLong,6901,165624,
kotlin.reflect.jvm.internal.impl.metadata.ProtoBuf$ValueParameter,2299,165528,
com.intellij.openapi.util.NotNullLazyValue$2,6804,163296,
com.intellij.codeInspection.ex.ToolsImpl,5007,160224,
com.intellij.ide.s.j._w,4004,160160,
com.intellij.util.containers.LinkedCustomHashMap$Entry,3933,157320,
java.lang.ThreadLocal$ThreadLocalMap$Entry,4908,157056,
java.util.concurrent.atomic.AtomicReference,9780,156480,
com.intellij.codeInspection.ex.LocalInspectionToolWrapper,4869,155808,
java.lang.Character,9683,154928,
java.lang.invoke.LambdaForm$Name[],2829,153656,
java.util.Arrays$ArrayList,6289,150936,
org.jdom.ContentList,3758,150320,
com.intellij.psi.impl.cache.TypeInfo$RefTypeInfo,4634,148288,
com.intellij.util.containers.ConcurrentWeakHashMap$WeakKey,3690,147600,
java.util.concurrent.atomic.AtomicBoolean,9160,146560,
org.codehaus.groovy.runtime.metaclass.MetaMethodIndex$Entry,2617,146552,
com.intellij.openapi.actionSystem.Constraints,6012,144288,
java.util.Hashtable$Entry[],979,143856,
com.intellij.platform.workspace.storage.impl.url.VirtualFileUrlManagerImpl$FilePathNode,3589,143560,
java.lang.Integer,8923,142768,
com.intellij.ui.DeferredIconImpl,1779,142320,
com.intellij.ui.components.JBScrollPane$Corner,404,142208,
com.intellij.openapi.vfs.newvfs.impl.VfsData$ChildrenIds,5914,141936,
java.lang.invoke.DirectMethodHandle$Accessor,2941,141168,
java.util.regex.Pattern$SliceU,5836,140064,
java.util.regex.Pattern$BmpCharProperty,5755,138120,
com.intellij.openapi.actionSystem.impl.ActionButton,343,137200,
ai.grazie.detector.utils.collections.array.TrivialOptimizedFloatArray,5685,136440,
java.lang.invoke.LambdaForm,2824,135552,
org.languagetool.rules.patterns.StringMatcher$4,5640,135360,
com.intellij.codeInsight.daemon.impl.HighlightInfo,1407,135072,
java.util.Collections$SingletonSet,8376,134016,
kotlin.SafePublicationLazyImpl,5549,133176,
com.intellij.openapi.extensions.impl.InterfaceExtensionPoint,2079,133056,
kotlin.SynchronizedLazyImpl,5497,131928,
kotlin.reflect.jvm.internal.impl.name.Name,5369,128856,
java.util.regex.Pattern$Node[],2716,128192,
com.intellij.psi.impl.PsiParameterizedCachedValue$Soft,5337,128088,
com.intellij.ide.plugins.ContainerDescriptor,3900,124800,
com.intellij.psi.impl.java.stubs.impl.PsiModifierListStubImpl,3116,124640,
java.util.logging.Logger,2225,124600,
com.intellij.ui.icons.CachedImageIcon,2188,122528,
com.intellij.platform.recentFiles.backend.BackendRecentFilePresentation,2533,121584,
kotlin.reflect.jvm.internal.impl.storage.LockBasedStorageManager$LockBasedNotNullLazyValue,5065,121560,
com.intellij.openapi.util.ObjectNode,5061,121464,
kotlin.reflect.jvm.internal.impl.metadata.ProtoBuf$Property,939,120192,
java.lang.Long,4994,119856,
java.util.logging.LogManager$LogNode,3731,119392,
kotlin.Pair,4867,116808,
java.net.URL,1822,116608,
java.lang.reflect.Constructor,1614,116208,
java.util.concurrent.locks.ReentrantLock,7215,115440,
com.intellij.util.xmlb.TagBinding,2400,115200,
java.awt.Font,1426,114080,
java.util.HashSet,7130,114080,
com.intellij.psi.codeStyle.CommonCodeStyleSettings,296,111296,
sun.nio.fs.UnixPath,3447,110304,
kotlinx.coroutines.debug.internal.DebugCoroutineInfoImpl,2297,110256,
kotlinx.coroutines.CancellableContinuationImpl,2276,109248,
ai.grazie.detector.utils.collections.array.TwoOptimizedFloatArray,4471,107304,
java.lang.invoke.MethodHandle[],436,107272,
jdk.internal.jimage.ImageReader$Resource,3298,105536,
org.languagetool.rules.patterns.PatternToken[],4234,104176,
com.intellij.ide.plugins.ContentModuleDescriptor,1085,104160,
com.fasterxml.jackson.databind.node.ObjectNode,4321,103704,
com.intellij.ui.scale.UserScaleContext,2554,102160,
com.intellij.openapi.vfs.newvfs.impl.VirtualFileImpl,3182,101824,
org.jdom.ImmutableElement,2104,100992,
kotlin.reflect.jvm.internal.impl.metadata.ProtoBuf$Annotation$Argument$Value,1147,100936,
com.intellij.openapi.editor.state.TransferableObjectStateProperty,2100,100800,
java.security.AccessControlContext,2459,98360,
io.opentelemetry.sdk.internal.RateLimiter,2440,97600,
com.intellij.openapi.actionSystem.impl.ActionManagerStateActionItemDescriptor,4051,97224,
com.intellij.util.containers.LinkedCustomHashMap,1994,95712,
com.intellij.workspaceModel.ide.impl.VirtualFileUrlBridge,2985,95520,
com.intellij.psi.impl.source.SpineRef,3970,95280,
com.intellij.ide.plugins.cl.PluginClassLoader,661,95184,
com.intellij.util.indexing.impl.ChangeTrackingValueContainer,2973,95136,
java.util.WeakHashMap$Entry[],660,94600,
com.intellij.ide.ui.IJColorUIResource,1686,94416,
java.util.concurrent.locks.ReentrantReadWriteLock$NonfairSync,1942,93216,
java.lang.ref.Finalizer,2327,93080,
jdk.internal.net.http.hpack.QuickHuffman$ImmutableNode,3841,92184,
java.awt.Color,2867,91744,
io.netty.buffer.PoolSubpage,1264,91008,
java.lang.ref.ReferenceQueue,2835,90720,
kotlinx.coroutines.channels.BufferedChannel,1126,90080,
java.util.logging.Logger$ConfigurationData,2226,89040,
com.intellij.openapi.components.ServiceDescriptor,1854,88992,
java.util.regex.Pattern$GroupTail,3708,88992,
java.util.regex.Pattern$GroupHead,3695,88680,
com.intellij.util.xml.dom.XmlElement[],2657,88088,
java.util.ImmutableCollections$Set12,3667,88008,
java.util.regex.Pattern$Branch,2716,86912,
java.lang.ClassLoader[],659,86864,
com.intellij.util.containers.ConcurrentWeakKeySoftValueHashMap$WeakKey,2167,86680,
com.intellij.openapi.actionSystem.impl.ActionManagerImpl$$Lambda+0x000000a0024bea20,2691,86112,
org.jdom.Attribute,2147,85880,
kotlin.reflect.jvm.internal.impl.serialization.deserialization.descriptors.DeserializedSimpleFunctionDescriptor,715,85800,
sun.font.CFont,893,85728,
groovyjarjarantlr4.v4.runtime.atn.BasicState,2113,84520,
kotlin.reflect.jvm.internal.impl.metadata.jvm.JvmProtoBuf$StringTableTypes$Record,1316,84224,
kotlin.reflect.jvm.internal.impl.name.FqNameUnsafe,2627,84064,
java.util.TreeMap$Entry,2091,83640,
com.intellij.psi.impl.compiled.ClsMethodImpl,2059,82360,
com.intellij.internal.statistic.eventLog.validator.rules.impl.EnumValidationRule,3420,82080,
com.intellij.psi.impl.cache.TypeInfo$SimpleTypeInfo,3397,81528,
ai.grazie.rules.tree.NodePattern$$Lambda+0x000000a004aea998,3360,80640,
com.intellij.psi.impl.source.PsiTypeElementImpl,1437,80472,
javax.swing.text.html.parser.ContentModel,2490,79680,
kotlinx.coroutines.NodeList,3318,79632,
java.lang.invoke.MethodTypeForm,2485,79520,
jdk.internal.jimage.ImageLocation,3298,79152,
com.fasterxml.jackson.databind.node.TextNode,4940,79040,
com.intellij.platform.core.nio.fs.MultiRoutingFsPath,3236,77664,
com.intellij.psi.impl.java.stubs.impl.PsiParameterStubImpl,1601,76848,
javax.swing.JPanel,218,76736,
it.unimi.dsi.fastutil.objects.Object2LongOpenHashMap,1046,75312,
com.intellij.openapi.actionSystem.DefaultActionGroup,1160,74240,
java.util.concurrent.locks.AbstractQueuedSynchronizer$ConditionObject,3093,74232,
kotlinx.coroutines.InvokeOnCompletion,2318,74176,
ai.grazie.rules.tree.NodePattern,2317,74144,
java.lang.invoke.LambdaForm$NamedFunction,3088,74112,
org.codehaus.groovy.reflection.GeneratedMetaMethod$Proxy,1318,73808,
java.lang.invoke.BoundMethodHandle$Species_LLL,1533,73584,
javax.swing.event.EventListenerList,4579,73264,
kotlinx.coroutines.ChildContinuation,2274,72768,
com.intellij.psi.util.CachedValuesManager$NonPhysicalPsiHandlerProvider,4508,72128,
groovyjarjarantlr4.v4.runtime.atn.EpsilonTransition,3000,72000,
com.intellij.openapi.editor.markup.AttributesFlyweight,1499,71952,
groovyjarjarantlr4.v4.runtime.atn.PredictionContext[],1739,71896,
com.intellij.util.indexing.impl.ValueContainerImpl,2973,71352,
com.intellij.util.indexing.impl.ValueContainerMap$$Lambda+0x000000a003a3e8f8,2973,71352,
ai.grazie.detector.utils.collections.array.ThreeOptimizedFloatArray,2229,71328,
com.fasterxml.jackson.databind.introspect.AnnotatedMethod,1758,70320,
com.intellij.psi.impl.source.tree.java.PsiKeywordImpl,1745,69800,
com.intellij.util.containers.ConcurrentSoftHashMap$SoftKey,1451,69648,
kotlin.reflect.jvm.internal.impl.name.FqName,2896,69504,
com.intellij.psi.impl.compiled.ClsJavaCodeReferenceElementImpl,1436,68928,
com.intellij.psi.impl.source.tree.java.PsiReferenceExpressionImpl,1075,68800,
java.util.regex.Pattern$Start,2856,68544,
kotlinx.coroutines.CoroutineName,2842,68208,
java.util.regex.Pattern$$Lambda+0x800000057,4253,68048,
com.intellij.serviceContainer.ServiceDescriptorInstanceInitializer,1671,66840,
java.util.regex.Pattern$$Lambda+0x80000005c,2781,66744,
org.jdom.Element,1654,66160,
com.intellij.util.FileIconKey,1652,66080,
java.util.regex.Pattern$CharPropertyGreedy,2746,65904,
com.intellij.psi.impl.source.tree.java.ModifierListElement,1169,65464,
kotlin.reflect.jvm.internal.impl.metadata.ProtoBuf$Annotation,1631,65240,
com.intellij.codeInspection.bytecodeAnalysis.HMember,2716,65184,
com.intellij.util.io.PagedFileStorage,1163,65128,
com.intellij.openapi.actionSystem.impl.ProxyShortcutSet,4061,64976,
ai.grazie.rules.tree.PatternHint$Disjunct,1616,64640,
java.util.concurrent.atomic.AtomicInteger,4024,64384,
com.intellij.platform.instanceContainer.internal.StaticInstanceHolder,2656,63744,
it.unimi.dsi.fastutil.objects.ObjectOpenCustomHashSet,1326,63648,
com.fasterxml.aalto.in.PNameN,1583,63320,
com.intellij.util.text.ImmutableText$CompositeNode,2629,63096,
java.util.concurrent.CopyOnWriteArrayList,2612,62688,
com.intellij.platform.workspace.storage.impl.IdPerCount,2601,62424,
com.intellij.psi.impl.java.stubs.impl.PsiClassReferenceListStubImpl,1548,61920,
java.util.LinkedHashMap$LinkedEntrySet,2575,61800,
com.intellij.platform.util.coroutines.ChildScope,1931,61792,
com.intellij.openapi.actionSystem.impl.ActionToolbarImpl,128,61440,
java.lang.invoke.MethodHandleImpl$AsVarargsCollector,1279,61392,
com.intellij.util.ui.JBScalableIcon$1,2554,61296,
java.awt.Insets,1913,61216,
com.intellij.openapi.editor.markup.AttributesFlyweight$FlyweightKey,1520,60800,
kotlin.reflect.jvm.internal.impl.protobuf.SmallSortedMap$EntrySet,3787,60592,
java.security.ProtectionDomain[],2168,60304,
com.intellij.openapi.extensions.ExtensionPointDescriptor,2489,59736,
com.intellij.util.containers.ConcurrentWeakKeyWeakValueHashMap$WeakValue,1864,59648,
kotlin.reflect.jvm.internal.impl.metadata.ProtoBuf$Class,412,59328,
com.intellij.openapi.editor.impl.IntervalTreeImpl$StaticSupplier,3705,59280,
org.languagetool.chunking.ChunkTag,2464,59136,
org.jetbrains.idea.maven.model.MavenArtifactInfo,1478,59120,
ai.grazie.rules.tree.NodeMatcher[],2261,57616,
com.intellij.util.CachedValueBase$PsiDependentData,2393,57432,
sun.reflect.annotation.AnnotationInvocationHandler,2373,56952,
org.jdom.Content[],1764,56464,
kotlinx.collections.immutable.implementations.immutableMap.TrieNode,1761,56352,
com.intellij.util.containers.LockFreeCopyOnWriteArrayList,3518,56288,
com.intellij.util.ui.JBInsets,1405,56200,
java.util.Collections$UnmodifiableCollection,3496,55936,
com.fasterxml.jackson.core.sym.CharsToNameCanonicalizer$Bucket,2328,55872,
com.intellij.ui.components.panels.NonOpaquePanel,155,55800,
javax.swing.JLabel,139,55600,
com.intellij.util.containers.IntKeyWeakValueHashMap$MyReference,1736,55552,
java.nio.DirectByteBufferR,769,55368,
kotlinx.coroutines.debug.internal.DebugProbesImpl$CoroutineOwner,2297,55128,
com.intellij.platform.syntax.SyntaxElementType[],369,55104,
kotlinx.coroutines.flow.FlowKt__ChannelsKt$emitAllInternal$1,1369,54760,
com.intellij.psi.impl.source.PsiModifierListImpl,1711,54752,
java.awt.Rectangle,1705,54560,
java.util.ImmutableCollections$ListN,2268,54432,
kotlinx.coroutines.flow.SharedFlowImpl,746,53712,
java.lang.invoke.BoundMethodHandle$Species_LLLLL,957,53592,
com.intellij.util.containers.UnsafeWeakList$MyReference,1669,53408,
kotlin.reflect.jvm.internal.KMutableProperty1Impl,658,52640,
com.intellij.ui.components.JBViewport,131,52400,
com.intellij.ui.icons.RasterizedImageDataLoader,1635,52320,
kotlin.reflect.jvm.internal.impl.protobuf.SmallSortedMap$Entry,2167,52008,
org.languagetool.rules.patterns.StringMatcher$3,1605,51360,
java.util.concurrent.ConcurrentLinkedQueue$Node,2127,51048,
javax.swing.ArrayTable,3160,50560,
kotlin.reflect.jvm.internal.impl.types.SimpleTypeImpl,1261,50440,
org.h2.mvstore.cache.CacheLongKeyLIRS$Entry,783,50112,
org.jetbrains.plugins.textmate.language.syntax.TextMateCapture$Rule,3118,49888,
com.intellij.util.containers.ConcurrentIntObjectHashMap$Node[],157,49648,
com.intellij.util.keyFMap.PairElementsFMap,1546,49472,
com.intellij.psi.impl.java.stubs.impl.PsiTypeParameterListStubImpl,1541,49312,
com.intellij.util.lang.Loader[],1894,49232,
sun.reflect.generics.tree.SimpleClassTypeSignature,2040,48960,
java.lang.ThreadLocal$ThreadLocalMap$Entry[],83,48944,
com.intellij.psi.impl.PsiParameterizedCachedValue$Direct,2018,48432,
kotlin.reflect.jvm.internal.impl.storage.LockBasedStorageManager$MapBasedMemoizedFunction,1993,47832,
com.intellij.serialization.PropertyAccessor,1479,47328,
jdk.internal.reflect.DirectMethodHandleAccessor,1472,47104,
org.codehaus.groovy.ast.Parameter,653,47016,
io.opentelemetry.sdk.metrics.internal.state.AsynchronousMetricStorage,732,46848,
kotlinx.coroutines.channels.ChannelSegment,1170,46800,
java.util.Hashtable,974,46752,
java.util.concurrent.locks.ReentrantReadWriteLock,1945,46680,
java.lang.Exception,1165,46600,
com.intellij.util.io.ResizeableMappedFile,1161,46440,
com.fasterxml.jackson.databind.introspect.AnnotationMap,2896,46336,
ai.grazie.spell.dictionary.rule.ReplacingRuleDictionary$Descriptor,1924,46176,
org.languagetool.rules.patterns.PatternToken$PosToken,1922,46128,
com.intellij.patterns.compiler.PatternCompilerImpl$Node,1912,45888,
sun.font.AttributeValues,476,45696,
com.fasterxml.aalto.in.PNameC,1424,45568,
kotlin.reflect.jvm.internal.impl.descriptors.impl.ValueParameterDescriptorImpl,946,45408,
com.intellij.psi.impl.source.PsiClassReferenceType,1410,45120,
com.intellij.codeInsight.daemon.impl.HighlightInfo$OffsetStore,1409,45088,
com.intellij.psi.impl.compiled.ClsMemberImpl$$Lambda+0x000000a0041aee60,2813,45008,
sun.security.util.ObjectIdentifier,1399,44768,
groovyjarjarantlr4.v4.runtime.dfa.DFAState,1115,44600,
java.util.regex.Pattern$$Lambda+0x800000058,1856,44544,
java.util.concurrent.atomic.AtomicReferenceArray,2753,44048,
com.intellij.util.io.PersistentBTreeEnumerator,421,43784,
java.util.regex.Pattern$BranchConn,2716,43456,
com.intellij.psi.impl.java.stubs.impl.PsiParameterListStubImpl,1358,43456,
com.intellij.ide.plugins.PluginContentDescriptor$ModuleItem,1085,43400,
com.fasterxml.jackson.databind.util.internal.PrivateMaxEntriesMap$Node,1353,43296,
kotlin.reflect.jvm.internal.impl.load.java.descriptors.JavaMethodDescriptor,416,43264,
com.intellij.util.io.PersistentMapImpl,415,43160,
com.intellij.codeInspection.bytecodeAnalysis.EKey,1797,43128,
org.codehaus.groovy.ast.MethodNode,485,42680,
com.intellij.ui.IconDeferrerImpl$$Lambda+0x000000a0032d2a30,1777,42648,
kotlin.reflect.jvm.internal.impl.types.TypeProjection[],1776,42624,
com.intellij.openapi.actionSystem.impl.ActionManagerImpl$$Lambda+0x000000a0024704d0,1776,42624,
kotlin.reflect.jvm.internal.impl.types.IndexedParametersSubstitution,1776,42624,
com.intellij.codeInspection.bytecodeAnalysis.DirectionResultPair,1769,42456,
com.intellij.platform.plugins.parser.impl.elements.ActionElement$ActionDescriptorAction,1319,42208,
kotlinx.coroutines.internal.ScopeCoroutine,1318,42176,
java.io.FileDescriptor,1049,41960,
groovyjarjarantlr4.v4.runtime.atn.ArrayPredictionContext,1739,41736,
kotlinx.coroutines.InvokeOnCancelling,1040,41600,
kotlinx.coroutines.StandaloneCoroutine,1727,41448,
jdk.internal.jimage.ImageReader$Directory,1290,41280,
com.intellij.openapi.util.Key,1706,40944,
com.intellij.util.containers.ConcurrentWeakValueHashMap$MyWeakReference,1275,40800,
com.intellij.ui.components.panels.Wrapper,113,40680,
java.util.LinkedHashSet,2542,40672,
java.awt.BorderLayout,724,40544,
com.intellij.psi.impl.java.stubs.impl.PsiFieldStubImpl,844,40512,
org.jdom.ImmutableSameTypeAttributeList,1688,40512,
groovyjarjarantlr4.v4.runtime.atn.ATNConfigSet,1012,40480,
com.intellij.platform.instanceContainer.internal.LazyInstanceHolder$Initial,1671,40104,
com.intellij.codeInsight.daemon.HighlightDisplayKey,1669,40056,
com.intellij.util.containers.FreezableArrayList,1664,39936,
com.fasterxml.jackson.core.sym.CharsToNameCanonicalizer$Bucket[],19,39728,
net.loomchild.segment.srx.Rule,1653,39672,
sun.reflect.generics.tree.TypeArgument[],2040,39576,
com.intellij.util.lang.StrippedLongToObjectMap,819,39312,
org.languagetool.rules.patterns.StringMatcher$2,1637,39288,
io.opentelemetry.sdk.internal.ThrottlingLogger,1220,39040,
com.intellij.patterns.ObjectPattern$1,1619,38856,
com.intellij.ui.icons.IconDescriptionLoader,1618,38832,
java.util.regex.Pattern$BmpCharPropertyGreedy,1606,38544,
java.util.regex.Pattern$Ques,1591,38184,
com.intellij.psi.impl.compiled.ClsTypeElementImpl,788,37824,
sun.nio.ch.FileChannelImpl$DefaultUnmapper,781,37488,
com.intellij.util.containers.WeakHashMap$WeakKey,934,37360,
com.intellij.openapi.actionSystem.Presentation$$Lambda+0x000000a0024a59c0,2330,37280,
com.intellij.util.io.IntToIntBtree,423,37224,
com.intellij.openapi.wm.impl.IdeBackgroundUtil$MyGraphics,1161,37152,
com.intellij.codeInsight.template.impl.TemplateImpl,516,37152,
java.util.regex.Pattern$CharProperty,1545,37080,
ai.grazie.rules.common.MultiWordSpelling$Phrase,1154,36928,
com.intellij.psi.impl.cache.ExternalTypeAnnotationContainer,1535,36840,
com.intellij.psi.impl.java.stubs.impl.PsiClassStubImpl,650,36400,
com.intellij.psi.impl.source.tree.java.PsiCodeBlockImpl,454,36320,
java.lang.Module,756,36288,
com.fasterxml.jackson.databind.introspect.MemberKey,1510,36240,
java.math.BigInteger,905,36200,
com.intellij.platform.workspace.storage.impl.EntityPointerImpl,1499,35976,
org.jdom.AttributeList,1121,35872,
com.intellij.psi.stubs.MostlyUShortIntList,1486,35664,
kotlinx.coroutines.internal.Removed,2216,35456,
com.intellij.psi.impl.source.tree.java.ReferenceListElement,491,35352,
com.intellij.openapi.util.registry.RegistryValue,631,35336,
com.intellij.openapi.actionSystem.impl.ActionManagerImplKt$$Lambda+0x000000a0024a5498,1103,35296,
kotlin.reflect.jvm.internal.impl.storage.LockBasedStorageManager$MapBasedMemoizedFunctionToNotNull,1460,35040,
java.util.concurrent.ConcurrentHashMap$KeySetView,1451,34824,
kotlin.reflect.jvm.internal.impl.metadata.jvm.JvmProtoBuf$JvmPropertySignature,621,34776,
com.fasterxml.jackson.databind.deser.impl.FieldProperty,434,34720,
org.languagetool.rules.SuggestionWithMessage,1442,34608,
io.opentelemetry.sdk.metrics.internal.descriptor.AutoValue_MetricDescriptor,864,34560,
java.util.regex.Pattern$BitClass,2155,34480,
com.intellij.openapi.actionSystem.impl.ActionManagerImplKt$$Lambda+0x000000a0024bab28,1074,34368,
jdk.internal.ref.Cleaner,854,34160,
sun.security.util.DerInputStream,852,34080,
java.time.format.DateTimeFormatterBuilder$PrefixTree,847,33880,
com.intellij.codeInsight.intention.impl.config.IntentionActionWrapper,1058,33856,
com.intellij.indexing.shared.util.zipFs.UncompressedZipPath,1406,33744,
org.codehaus.groovy.reflection.CachedMethod,525,33600,
kotlinx.coroutines.channels.BufferedChannel$emitAllInternal$1,698,33504,
org.codehaus.groovy.ast.GenericsType,598,33488,
kotlin.reflect.jvm.internal.impl.serialization.deserialization.descriptors.DeserializedPropertyDescriptor,260,33280,
com.siyeh.ig.callMatcher.CallMatcher$Simple,1039,33248,
com.intellij.util.io.PersistentHashMapValueStorage,415,33200,
java.nio.channels.SelectionKey[],13,33016,
com.intellij.idea.IdeaLogger,2059,32944,
com.intellij.psi.impl.source.SubstrateRef$StubRef,2059,32944,
com.fasterxml.jackson.databind.util.internal.PrivateMaxEntriesMap$WeightedValue,1353,32472,
org.codehaus.groovy.util.FastArray,1352,32448,
io.opentelemetry.sdk.metrics.internal.data.AutoValue_ImmutableLongPointData,675,32400,
com.intellij.psi.impl.source.PsiMethodImpl,1011,32352,
sun.awt.image.IntegerInterleavedRaster,311,32344,
kotlin.reflect.jvm.internal.impl.types.KotlinTypeFactory$$Lambda$0,1009,32288,
sun.reflect.generics.tree.ClassTypeSignature,2013,32208,
kotlinx.coroutines.flow.internal.ChannelFlow$collect$2,668,32064,
java.lang.ThreadLocal$SuppliedThreadLocal,1333,31992,
java.util.LinkedHashMap$LinkedKeySet,1323,31752,
com.intellij.platform.buildData.productInfo.ProductInfoLayoutItem,1313,31512,
sun.awt.image.ByteInterleavedRaster,260,31200,
org.codehaus.groovy.ast.ClassNode$MapOfLists,1950,31200,
java.util.concurrent.locks.ReentrantReadWriteLock$Sync$ThreadLocalHoldCounter,1948,31168,
java.util.concurrent.locks.ReentrantReadWriteLock$WriteLock,1948,31168,
java.util.concurrent.locks.ReentrantReadWriteLock$ReadLock,1946,31136,
java.util.WeakHashMap,648,31104,
org.codehaus.groovy.util.ComplexKeyHashMap$Entry[],209,30992,
com.intellij.openapi.module.impl.scopes.SdkScopeDescriptor,966,30912,
com.intellij.ui.components.JBScrollPane,71,30672,
com.intellij.openapi.util.registry.RegistryKeyBean,957,30624,
kotlinx.coroutines.channels.ProducerCoroutine,957,30624,
com.intellij.openapi.util.registry.RegistryKeyDescriptor,956,30592,
com.intellij.lang.LanguageExtensionPoint,763,30520,
jdk.jfr.AnnotationElement,1266,30384,
com.fasterxml.jackson.databind.introspect.AnnotatedField,949,30368,
kotlinx.coroutines.flow.FlowKt__DelayKt$debounceInternal$1,542,30352,
com.intellij.util.containers.ConcurrentSoftValueHashMap$MySoftReference,756,30240,
com.intellij.psi.impl.compiled.ClsMethodImpl$$Lambda+0x000000a004557710,1887,30192,
com.intellij.util.containers.DisposableWrapperList$DisposableWrapper,942,30144,
com.intellij.serialization.stateProperties.ObjectStoredProperty,1250,30000,
com.intellij.codeInsight.intention.IntentionActionBean,535,29960,
com.intellij.util.io.PersistentHashMapValueStorage$MyCompressedAppendableFile,415,29880,
java.awt.Dimension,1242,29808,
kotlin.reflect.jvm.internal.impl.types.TypeSubstitutor,1856,29696,
com.intellij.platform.plugins.parser.impl.elements.ActionElement$ActionElementGroup,927,29664,
jdk.jfr.internal.AnnotationConstruct,1235,29640,
org.jdom.Attribute[],1115,29296,
java.lang.reflect.Type[],1195,29280,
com.intellij.openapi.actionSystem.impl.MyLazyValue,1218,29232,
com.intellij.ui.icons.ScaledIconCache,1819,29104,
kotlin.reflect.jvm.internal.impl.metadata.jvm.JvmProtoBuf$JvmMethodSignature,726,29040,
org.codehaus.groovy.ast.expr.ConstantExpression,515,28840,
kotlin.reflect.jvm.internal.impl.resolve.scopes.SubstitutingScope,888,28416,
kotlin.reflect.jvm.internal.impl.metadata.ProtoBuf$Annotation$Argument,709,28360,
com.intellij.psi.impl.java.stubs.impl.PsiJavaFileStubImpl,506,28336,
